Model,MAE,RMSE
Linear Regression,131.85486726483026,209.48448776514786
Random Forest,110.757238090023,179.85847797894132
XGBoost,104.06986236572266,180.11568548088752
